{
  "auto": 6.572750814894318,
  "steekincident": 4.488024840507831,
  "jongen": 4.444149090177472,
  "slachtofferhulp": 4.077048482486318,
  "vuurwerk": 4.000332212591577,
  "slachtoffers": 3.6140280210240174,
  "explosie": 3.350694189035625,
  "bestuurder": 3.2929553701640533,
  "klanten": 3.278559739722733,
  "gemeente": 3.255505474004081,
  "ap": 3.21566372225697,
  "vrouw": 3.0683797070141123,
  "ongeval": 2.9915937544822055,
  "ransomware": 2.7613734385859985,
  "verdachten": 2.757135330103247,
  "geweld": 2.7231395654716946,
  "brand": 2.664652700120216,
  "jongens": 2.6203681194484827,
  "persoon": 2.6201602644233275,
  "schietincident": 2.4366299304354895
}